tip_id,category,tip_text
TIP0001,Respiratory,Avoid exposure to smoke and airborne irritants to protect lung function.
TIP0002,Respiratory,Practice deep breathing exercises to improve respiratory capacity.
TIP0003,Respiratory,Stay up to date on recommended respiratory vaccinations.
TIP0004,Respiratory,Use a humidifier in dry environments to ease breathing.
TIP0005,Respiratory,Seek medical attention if shortness of breath worsens suddenly.
TIP0006,Infectious,Wash hands frequently with soap and water for at least 20 seconds.
TIP0007,Infectious,Avoid close contact with individuals showing symptoms of infection.
TIP0008,Infectious,Ensure food and water sources are properly sanitized.
TIP0009,Infectious,Complete the full course of any prescribed antimicrobial treatment.
TIP0010,Infectious,Use insect repellent and bed nets in mosquito-prone regions.
TIP0011,Endocrine,Monitor blood glucose levels regularly if diagnosed with diabetes.
TIP0012,Endocrine,Maintain a balanced diet low in refined sugars.
TIP0013,Endocrine,Engage in regular physical activity to support metabolic health.
TIP0014,Endocrine,Schedule routine thyroid function screening as advised by a physician.
TIP0015,Cardiovascular,Limit sodium intake to support healthy blood pressure.
TIP0016,Cardiovascular,Engage in at least 150 minutes of moderate exercise weekly.
TIP0017,Cardiovascular,Avoid tobacco products to reduce cardiovascular risk.
TIP0018,Cardiovascular,"Monitor blood pressure regularly, especially with a family history of heart disease."
TIP0019,Neurological,Maintain consistent sleep schedules to support brain health.
TIP0020,Neurological,Engage in mentally stimulating activities regularly.
TIP0021,Neurological,Report new or worsening headaches to a healthcare provider promptly.
TIP0022,Neurological,Avoid known migraine triggers such as certain foods or bright lights.
TIP0023,Digestive,Eat a fiber-rich diet to support healthy digestion.
TIP0024,Digestive,Stay hydrated to help prevent constipation.
TIP0025,Digestive,Avoid excessive alcohol consumption to protect liver health.
TIP0026,Digestive,"Eat smaller, more frequent meals to reduce reflux symptoms."
TIP0027,Urological,Drink adequate water throughout the day to support kidney function.
TIP0028,Urological,"Urinate when needed rather than delaying, to reduce infection risk."
TIP0029,Urological,Limit excessive salt and protein intake to reduce kidney stone risk.
TIP0030,Musculoskeletal,Maintain a healthy weight to reduce joint stress.
TIP0031,Musculoskeletal,Incorporate strength training to support bone and joint health.
TIP0032,Musculoskeletal,Use proper posture and ergonomics to prevent back strain.
TIP0033,Dermatological,Moisturize regularly to maintain skin barrier function.
TIP0034,Dermatological,Apply sunscreen daily to protect against skin damage.
TIP0035,Dermatological,Avoid scratching irritated skin to prevent secondary infection.
TIP0036,Ophthalmological,"Schedule regular eye examinations, especially after age 40."
TIP0037,Ophthalmological,Take breaks from screens to reduce eye strain.
TIP0038,Ophthalmological,Wear protective eyewear in bright sunlight or hazardous environments.
TIP0039,ENT,Avoid inserting objects into the ear canal.
TIP0040,ENT,Treat nasal allergies promptly to reduce sinus complications.
TIP0041,ENT,Protect hearing by limiting exposure to loud noise.
TIP0042,Psychiatric,Reach out to a mental health professional if symptoms persist.
TIP0043,Psychiatric,Maintain social connections to support emotional wellbeing.
TIP0044,Psychiatric,Practice stress-reduction techniques such as mindfulness or meditation.
TIP0045,Hematological,Include iron-rich foods in the diet to support healthy blood counts.
TIP0046,Hematological,Attend regular blood tests as recommended by a physician.
TIP0047,Immunological,Identify and avoid known allergens where possible.
TIP0048,Immunological,Keep emergency allergy medication accessible if prescribed.
TIP0049,Oncological,Attend recommended cancer screening appointments on schedule.
TIP0050,Oncological,"Report unexplained lumps, weight loss, or persistent symptoms promptly."
TIP0051,Oncological,Maintain a healthy lifestyle to support overall treatment outcomes.
TIP0052,Respiratory,"Where possible, stay up to date on recommended respiratory vaccinations."
TIP0053,Infectious,"Where possible, avoid close contact with individuals showing symptoms of infection."
TIP0054,Urological,"For long-term wellbeing, urinate when needed rather than delaying, to reduce infection risk."
TIP0055,Infectious,"For long-term wellbeing, avoid close contact with individuals showing symptoms of infection."
TIP0056,Psychiatric,"Where possible, maintain social connections to support emotional wellbeing."
TIP0057,Cardiovascular,"As a preventive measure, avoid tobacco products to reduce cardiovascular risk."
TIP0058,Cardiovascular,"Where possible, avoid tobacco products to reduce cardiovascular risk."
TIP0059,Infectious,"Where possible, wash hands frequently with soap and water for at least 20 seconds."
TIP0060,Respiratory,It is generally recommended to practice deep breathing exercises to improve respiratory capacity.
TIP0061,Immunological,"For long-term wellbeing, keep emergency allergy medication accessible if prescribed."
TIP0062,Endocrine,Health professionals advise to maintain a balanced diet low in refined sugars.
TIP0063,Digestive,"It is generally recommended to eat smaller, more frequent meals to reduce reflux symptoms."
TIP0064,Infectious,"For long-term wellbeing, wash hands frequently with soap and water for at least 20 seconds."
TIP0065,Hematological,"As a preventive measure, attend regular blood tests as recommended by a physician."
TIP0066,Neurological,"Where possible, report new or worsening headaches to a healthcare provider promptly."
TIP0067,Immunological,"For long-term wellbeing, identify and avoid known allergens where possible."
TIP0068,Oncological,"For long-term wellbeing, attend recommended cancer screening appointments on schedule."
TIP0069,ENT,"As a preventive measure, treat nasal allergies promptly to reduce sinus complications."
TIP0070,Neurological,Health professionals advise to avoid known migraine triggers such as certain foods or bright lights.
TIP0071,Endocrine,Health professionals advise to schedule routine thyroid function screening as advised by a physician.
TIP0072,Infectious,"Where possible, wash hands frequently with soap and water for at least 20 seconds."
TIP0073,Cardiovascular,It is generally recommended to avoid tobacco products to reduce cardiovascular risk.
TIP0074,Urological,"Where possible, urinate when needed rather than delaying, to reduce infection risk."
TIP0075,Respiratory,It is generally recommended to practice deep breathing exercises to improve respiratory capacity.
TIP0076,Digestive,"It is generally recommended to eat smaller, more frequent meals to reduce reflux symptoms."
TIP0077,Respiratory,Health professionals advise to avoid exposure to smoke and airborne irritants to protect lung function.
TIP0078,Psychiatric,"For long-term wellbeing, reach out to a mental health professional if symptoms persist."
TIP0079,Musculoskeletal,"For long-term wellbeing, maintain a healthy weight to reduce joint stress."
TIP0080,Psychiatric,"Where possible, maintain social connections to support emotional wellbeing."
TIP0081,Immunological,"For long-term wellbeing, identify and avoid known allergens where possible."
TIP0082,Neurological,"Where possible, engage in mentally stimulating activities regularly."
TIP0083,ENT,"As a preventive measure, treat nasal allergies promptly to reduce sinus complications."
TIP0084,Hematological,"For long-term wellbeing, include iron-rich foods in the diet to support healthy blood counts."
TIP0085,Neurological,It is generally recommended to engage in mentally stimulating activities regularly.
TIP0086,Infectious,Health professionals advise to complete the full course of any prescribed antimicrobial treatment.
TIP0087,Respiratory,Health professionals advise to avoid exposure to smoke and airborne irritants to protect lung function.
TIP0088,Infectious,It is generally recommended to ensure food and water sources are properly sanitized.
TIP0089,Hematological,Health professionals advise to include iron-rich foods in the diet to support healthy blood counts.
TIP0090,Respiratory,Health professionals advise to practice deep breathing exercises to improve respiratory capacity.
TIP0091,Musculoskeletal,Health professionals advise to incorporate strength training to support bone and joint health.
TIP0092,Psychiatric,Health professionals advise to reach out to a mental health professional if symptoms persist.
TIP0093,Urological,"Where possible, urinate when needed rather than delaying, to reduce infection risk."
TIP0094,Endocrine,It is generally recommended to engage in regular physical activity to support metabolic health.
TIP0095,Neurological,"For long-term wellbeing, engage in mentally stimulating activities regularly."
TIP0096,Infectious,"For long-term wellbeing, use insect repellent and bed nets in mosquito-prone regions."
TIP0097,Urological,"It is generally recommended to urinate when needed rather than delaying, to reduce infection risk."
TIP0098,Infectious,Health professionals advise to ensure food and water sources are properly sanitized.
TIP0099,Infectious,"For long-term wellbeing, use insect repellent and bed nets in mosquito-prone regions."
TIP0100,Musculoskeletal,"For long-term wellbeing, use proper posture and ergonomics to prevent back strain."
TIP0101,Respiratory,"For long-term wellbeing, practice deep breathing exercises to improve respiratory capacity."
TIP0102,Ophthalmological,Health professionals advise to wear protective eyewear in bright sunlight or hazardous environments.
TIP0103,Endocrine,"As a preventive measure, engage in regular physical activity to support metabolic health."
TIP0104,Ophthalmological,"For long-term wellbeing, take breaks from screens to reduce eye strain."
TIP0105,Respiratory,"As a preventive measure, use a humidifier in dry environments to ease breathing."
TIP0106,Respiratory,It is generally recommended to avoid exposure to smoke and airborne irritants to protect lung function.
TIP0107,ENT,"For long-term wellbeing, protect hearing by limiting exposure to loud noise."
TIP0108,Urological,"For long-term wellbeing, drink adequate water throughout the day to support kidney function."
TIP0109,Immunological,"Where possible, keep emergency allergy medication accessible if prescribed."
TIP0110,ENT,"Where possible, avoid inserting objects into the ear canal."
TIP0111,Neurological,It is generally recommended to maintain consistent sleep schedules to support brain health.
TIP0112,Musculoskeletal,"For long-term wellbeing, use proper posture and ergonomics to prevent back strain."
TIP0113,Musculoskeletal,"Where possible, use proper posture and ergonomics to prevent back strain."
TIP0114,Ophthalmological,"Where possible, wear protective eyewear in bright sunlight or hazardous environments."
TIP0115,Psychiatric,"For long-term wellbeing, practice stress-reduction techniques such as mindfulness or meditation."
TIP0116,Cardiovascular,It is generally recommended to limit sodium intake to support healthy blood pressure.
TIP0117,Dermatological,It is generally recommended to apply sunscreen daily to protect against skin damage.
TIP0118,Urological,"Where possible, urinate when needed rather than delaying, to reduce infection risk."
TIP0119,Neurological,"Where possible, report new or worsening headaches to a healthcare provider promptly."
TIP0120,Respiratory,"As a preventive measure, seek medical attention if shortness of breath worsens suddenly."
TIP0121,Psychiatric,"For long-term wellbeing, reach out to a mental health professional if symptoms persist."
TIP0122,Musculoskeletal,It is generally recommended to incorporate strength training to support bone and joint health.
TIP0123,Musculoskeletal,"Where possible, use proper posture and ergonomics to prevent back strain."
TIP0124,Psychiatric,"As a preventive measure, reach out to a mental health professional if symptoms persist."
TIP0125,Urological,"For long-term wellbeing, limit excessive salt and protein intake to reduce kidney stone risk."
TIP0126,Respiratory,Health professionals advise to practice deep breathing exercises to improve respiratory capacity.
TIP0127,Neurological,Health professionals advise to maintain consistent sleep schedules to support brain health.
TIP0128,Musculoskeletal,"As a preventive measure, incorporate strength training to support bone and joint health."
TIP0129,Urological,Health professionals advise to limit excessive salt and protein intake to reduce kidney stone risk.
TIP0130,Dermatological,Health professionals advise to moisturize regularly to maintain skin barrier function.
TIP0131,Ophthalmological,"As a preventive measure, wear protective eyewear in bright sunlight or hazardous environments."
TIP0132,ENT,"For long-term wellbeing, avoid inserting objects into the ear canal."
TIP0133,Infectious,"As a preventive measure, complete the full course of any prescribed antimicrobial treatment."
TIP0134,Immunological,"For long-term wellbeing, identify and avoid known allergens where possible."
TIP0135,Urological,"As a preventive measure, drink adequate water throughout the day to support kidney function."
TIP0136,Oncological,"For long-term wellbeing, maintain a healthy lifestyle to support overall treatment outcomes."
TIP0137,Endocrine,"Where possible, monitor blood glucose levels regularly if diagnosed with diabetes."
TIP0138,Endocrine,"As a preventive measure, schedule routine thyroid function screening as advised by a physician."
TIP0139,Hematological,It is generally recommended to include iron-rich foods in the diet to support healthy blood counts.
TIP0140,Psychiatric,"For long-term wellbeing, maintain social connections to support emotional wellbeing."
TIP0141,Infectious,Health professionals advise to complete the full course of any prescribed antimicrobial treatment.
TIP0142,Endocrine,Health professionals advise to engage in regular physical activity to support metabolic health.
TIP0143,ENT,"For long-term wellbeing, avoid inserting objects into the ear canal."
TIP0144,Infectious,"For long-term wellbeing, avoid close contact with individuals showing symptoms of infection."
TIP0145,Musculoskeletal,"As a preventive measure, use proper posture and ergonomics to prevent back strain."
TIP0146,Cardiovascular,Health professionals advise to engage in at least 150 minutes of moderate exercise weekly.
TIP0147,Ophthalmological,"It is generally recommended to schedule regular eye examinations, especially after age 40."
TIP0148,Respiratory,"As a preventive measure, practice deep breathing exercises to improve respiratory capacity."
TIP0149,Cardiovascular,"As a preventive measure, avoid tobacco products to reduce cardiovascular risk."
TIP0150,Psychiatric,Health professionals advise to practice stress-reduction techniques such as mindfulness or meditation.
TIP0151,Endocrine,"Where possible, maintain a balanced diet low in refined sugars."
TIP0152,Respiratory,It is generally recommended to stay up to date on recommended respiratory vaccinations.
TIP0153,Neurological,"For long-term wellbeing, avoid known migraine triggers such as certain foods or bright lights."
TIP0154,Infectious,"Where possible, ensure food and water sources are properly sanitized."
TIP0155,Cardiovascular,It is generally recommended to limit sodium intake to support healthy blood pressure.
TIP0156,Ophthalmological,"Health professionals advise to schedule regular eye examinations, especially after age 40."
TIP0157,Musculoskeletal,"As a preventive measure, use proper posture and ergonomics to prevent back strain."
TIP0158,Neurological,"As a preventive measure, avoid known migraine triggers such as certain foods or bright lights."
TIP0159,Oncological,"It is generally recommended to report unexplained lumps, weight loss, or persistent symptoms promptly."
TIP0160,Oncological,"Where possible, report unexplained lumps, weight loss, or persistent symptoms promptly."
TIP0161,Cardiovascular,"Health professionals advise to monitor blood pressure regularly, especially with a family history of heart disease."
TIP0162,Hematological,"Where possible, include iron-rich foods in the diet to support healthy blood counts."
TIP0163,ENT,It is generally recommended to avoid inserting objects into the ear canal.
TIP0164,Hematological,It is generally recommended to attend regular blood tests as recommended by a physician.
TIP0165,Urological,"For long-term wellbeing, limit excessive salt and protein intake to reduce kidney stone risk."
TIP0166,Oncological,It is generally recommended to attend recommended cancer screening appointments on schedule.
TIP0167,Infectious,"Where possible, avoid close contact with individuals showing symptoms of infection."
TIP0168,ENT,It is generally recommended to treat nasal allergies promptly to reduce sinus complications.
TIP0169,Ophthalmological,"It is generally recommended to schedule regular eye examinations, especially after age 40."
TIP0170,Dermatological,It is generally recommended to moisturize regularly to maintain skin barrier function.
TIP0171,Endocrine,It is generally recommended to monitor blood glucose levels regularly if diagnosed with diabetes.
TIP0172,Endocrine,"As a preventive measure, schedule routine thyroid function screening as advised by a physician."
TIP0173,Endocrine,"As a preventive measure, monitor blood glucose levels regularly if diagnosed with diabetes."
TIP0174,Hematological,"For long-term wellbeing, attend regular blood tests as recommended by a physician."
TIP0175,Oncological,"Where possible, attend recommended cancer screening appointments on schedule."
TIP0176,Musculoskeletal,It is generally recommended to use proper posture and ergonomics to prevent back strain.
TIP0177,Infectious,"As a preventive measure, use insect repellent and bed nets in mosquito-prone regions."
TIP0178,Neurological,Health professionals advise to avoid known migraine triggers such as certain foods or bright lights.
TIP0179,Infectious,Health professionals advise to ensure food and water sources are properly sanitized.
TIP0180,Urological,"For long-term wellbeing, limit excessive salt and protein intake to reduce kidney stone risk."
TIP0181,Oncological,"It is generally recommended to report unexplained lumps, weight loss, or persistent symptoms promptly."
TIP0182,Cardiovascular,"For long-term wellbeing, engage in at least 150 minutes of moderate exercise weekly."
TIP0183,Neurological,"As a preventive measure, avoid known migraine triggers such as certain foods or bright lights."
TIP0184,Dermatological,Health professionals advise to moisturize regularly to maintain skin barrier function.
TIP0185,Infectious,"As a preventive measure, wash hands frequently with soap and water for at least 20 seconds."
TIP0186,Digestive,"For long-term wellbeing, stay hydrated to help prevent constipation."
TIP0187,Digestive,Health professionals advise to stay hydrated to help prevent constipation.
TIP0188,Infectious,"Where possible, use insect repellent and bed nets in mosquito-prone regions."
TIP0189,Urological,Health professionals advise to drink adequate water throughout the day to support kidney function.
TIP0190,Infectious,"For long-term wellbeing, complete the full course of any prescribed antimicrobial treatment."
TIP0191,Urological,"For long-term wellbeing, drink adequate water throughout the day to support kidney function."
TIP0192,Musculoskeletal,"Where possible, maintain a healthy weight to reduce joint stress."
TIP0193,Oncological,"As a preventive measure, maintain a healthy lifestyle to support overall treatment outcomes."
TIP0194,Respiratory,"For long-term wellbeing, practice deep breathing exercises to improve respiratory capacity."
TIP0195,Infectious,It is generally recommended to use insect repellent and bed nets in mosquito-prone regions.
TIP0196,Hematological,"Where possible, attend regular blood tests as recommended by a physician."
TIP0197,Respiratory,It is generally recommended to seek medical attention if shortness of breath worsens suddenly.
TIP0198,Neurological,"As a preventive measure, avoid known migraine triggers such as certain foods or bright lights."
TIP0199,Digestive,"Health professionals advise to eat smaller, more frequent meals to reduce reflux symptoms."
TIP0200,Urological,"It is generally recommended to urinate when needed rather than delaying, to reduce infection risk."
TIP0201,Digestive,"It is generally recommended to eat smaller, more frequent meals to reduce reflux symptoms."
TIP0202,Psychiatric,Health professionals advise to maintain social connections to support emotional wellbeing.
TIP0203,Ophthalmological,It is generally recommended to take breaks from screens to reduce eye strain.
TIP0204,ENT,"Where possible, protect hearing by limiting exposure to loud noise."
TIP0205,Neurological,"For long-term wellbeing, maintain consistent sleep schedules to support brain health."
TIP0206,Digestive,"Where possible, eat smaller, more frequent meals to reduce reflux symptoms."
TIP0207,Neurological,"As a preventive measure, engage in mentally stimulating activities regularly."
TIP0208,Digestive,It is generally recommended to eat a fiber-rich diet to support healthy digestion.
TIP0209,Cardiovascular,"Where possible, monitor blood pressure regularly, especially with a family history of heart disease."
TIP0210,ENT,Health professionals advise to treat nasal allergies promptly to reduce sinus complications.
TIP0211,Hematological,"For long-term wellbeing, include iron-rich foods in the diet to support healthy blood counts."
TIP0212,Urological,Health professionals advise to limit excessive salt and protein intake to reduce kidney stone risk.
TIP0213,Dermatological,"Where possible, avoid scratching irritated skin to prevent secondary infection."
TIP0214,Oncological,"Where possible, maintain a healthy lifestyle to support overall treatment outcomes."
TIP0215,Psychiatric,"For long-term wellbeing, reach out to a mental health professional if symptoms persist."
TIP0216,Hematological,"As a preventive measure, include iron-rich foods in the diet to support healthy blood counts."
TIP0217,Oncological,"For long-term wellbeing, maintain a healthy lifestyle to support overall treatment outcomes."
TIP0218,Oncological,"Health professionals advise to report unexplained lumps, weight loss, or persistent symptoms promptly."
TIP0219,Neurological,It is generally recommended to engage in mentally stimulating activities regularly.
TIP0220,Respiratory,"Where possible, stay up to date on recommended respiratory vaccinations."
TIP0221,Neurological,"For long-term wellbeing, avoid known migraine triggers such as certain foods or bright lights."
TIP0222,Immunological,Health professionals advise to identify and avoid known allergens where possible.
TIP0223,Dermatological,"Where possible, apply sunscreen daily to protect against skin damage."
TIP0224,Neurological,Health professionals advise to maintain consistent sleep schedules to support brain health.
TIP0225,Infectious,"Where possible, wash hands frequently with soap and water for at least 20 seconds."
TIP0226,Ophthalmological,"As a preventive measure, schedule regular eye examinations, especially after age 40."
TIP0227,Dermatological,"As a preventive measure, apply sunscreen daily to protect against skin damage."
TIP0228,Oncological,Health professionals advise to attend recommended cancer screening appointments on schedule.
TIP0229,Respiratory,It is generally recommended to practice deep breathing exercises to improve respiratory capacity.
TIP0230,Oncological,"Where possible, maintain a healthy lifestyle to support overall treatment outcomes."
TIP0231,Ophthalmological,"As a preventive measure, wear protective eyewear in bright sunlight or hazardous environments."
TIP0232,Cardiovascular,"As a preventive measure, engage in at least 150 minutes of moderate exercise weekly."
TIP0233,Immunological,"For long-term wellbeing, identify and avoid known allergens where possible."
TIP0234,Dermatological,It is generally recommended to moisturize regularly to maintain skin barrier function.
TIP0235,Immunological,It is generally recommended to identify and avoid known allergens where possible.
TIP0236,Digestive,"As a preventive measure, stay hydrated to help prevent constipation."
TIP0237,ENT,"Where possible, protect hearing by limiting exposure to loud noise."
TIP0238,Digestive,It is generally recommended to eat a fiber-rich diet to support healthy digestion.
TIP0239,Respiratory,It is generally recommended to use a humidifier in dry environments to ease breathing.
TIP0240,Urological,"As a preventive measure, limit excessive salt and protein intake to reduce kidney stone risk."
TIP0241,Ophthalmological,It is generally recommended to take breaks from screens to reduce eye strain.
TIP0242,Musculoskeletal,"As a preventive measure, maintain a healthy weight to reduce joint stress."
TIP0243,Cardiovascular,"Where possible, engage in at least 150 minutes of moderate exercise weekly."
TIP0244,Ophthalmological,"Where possible, take breaks from screens to reduce eye strain."
TIP0245,ENT,Health professionals advise to avoid inserting objects into the ear canal.
TIP0246,Digestive,"As a preventive measure, eat a fiber-rich diet to support healthy digestion."
TIP0247,Neurological,"Where possible, maintain consistent sleep schedules to support brain health."
TIP0248,Psychiatric,Health professionals advise to practice stress-reduction techniques such as mindfulness or meditation.
TIP0249,Hematological,"For long-term wellbeing, attend regular blood tests as recommended by a physician."
TIP0250,Dermatological,Health professionals advise to apply sunscreen daily to protect against skin damage.
TIP0251,Infectious,"As a preventive measure, avoid close contact with individuals showing symptoms of infection."
TIP0252,Dermatological,"Where possible, apply sunscreen daily to protect against skin damage."
TIP0253,Endocrine,"As a preventive measure, engage in regular physical activity to support metabolic health."
TIP0254,Musculoskeletal,It is generally recommended to maintain a healthy weight to reduce joint stress.
TIP0255,Infectious,"For long-term wellbeing, use insect repellent and bed nets in mosquito-prone regions."
TIP0256,Urological,It is generally recommended to drink adequate water throughout the day to support kidney function.
TIP0257,Infectious,It is generally recommended to wash hands frequently with soap and water for at least 20 seconds.
TIP0258,Urological,"Health professionals advise to urinate when needed rather than delaying, to reduce infection risk."
TIP0259,Musculoskeletal,Health professionals advise to incorporate strength training to support bone and joint health.
TIP0260,Urological,It is generally recommended to limit excessive salt and protein intake to reduce kidney stone risk.
TIP0261,Digestive,"Where possible, stay hydrated to help prevent constipation."
TIP0262,Digestive,"Where possible, eat smaller, more frequent meals to reduce reflux symptoms."
TIP0263,Ophthalmological,"Where possible, schedule regular eye examinations, especially after age 40."
TIP0264,Oncological,"For long-term wellbeing, report unexplained lumps, weight loss, or persistent symptoms promptly."
TIP0265,Cardiovascular,"Where possible, avoid tobacco products to reduce cardiovascular risk."
TIP0266,Musculoskeletal,"For long-term wellbeing, use proper posture and ergonomics to prevent back strain."
TIP0267,Urological,"For long-term wellbeing, limit excessive salt and protein intake to reduce kidney stone risk."
TIP0268,Immunological,"For long-term wellbeing, identify and avoid known allergens where possible."
TIP0269,Endocrine,Health professionals advise to monitor blood glucose levels regularly if diagnosed with diabetes.
TIP0270,Dermatological,Health professionals advise to moisturize regularly to maintain skin barrier function.
TIP0271,Musculoskeletal,"For long-term wellbeing, use proper posture and ergonomics to prevent back strain."
TIP0272,Infectious,"Where possible, complete the full course of any prescribed antimicrobial treatment."
TIP0273,Dermatological,It is generally recommended to apply sunscreen daily to protect against skin damage.
TIP0274,Hematological,Health professionals advise to include iron-rich foods in the diet to support healthy blood counts.
TIP0275,Musculoskeletal,"For long-term wellbeing, maintain a healthy weight to reduce joint stress."
TIP0276,Respiratory,Health professionals advise to stay up to date on recommended respiratory vaccinations.
TIP0277,Ophthalmological,"As a preventive measure, schedule regular eye examinations, especially after age 40."
TIP0278,Infectious,"Where possible, ensure food and water sources are properly sanitized."
TIP0279,Urological,It is generally recommended to drink adequate water throughout the day to support kidney function.
TIP0280,Infectious,"As a preventive measure, ensure food and water sources are properly sanitized."
TIP0281,Ophthalmological,"As a preventive measure, take breaks from screens to reduce eye strain."
TIP0282,Respiratory,"Where possible, stay up to date on recommended respiratory vaccinations."
TIP0283,Infectious,It is generally recommended to use insect repellent and bed nets in mosquito-prone regions.
TIP0284,Digestive,"As a preventive measure, stay hydrated to help prevent constipation."
TIP0285,Digestive,"As a preventive measure, stay hydrated to help prevent constipation."
TIP0286,Neurological,"For long-term wellbeing, maintain consistent sleep schedules to support brain health."
TIP0287,Respiratory,Health professionals advise to practice deep breathing exercises to improve respiratory capacity.
TIP0288,Infectious,"Where possible, use insect repellent and bed nets in mosquito-prone regions."
TIP0289,Urological,It is generally recommended to drink adequate water throughout the day to support kidney function.
TIP0290,Neurological,"As a preventive measure, engage in mentally stimulating activities regularly."
TIP0291,Endocrine,Health professionals advise to schedule routine thyroid function screening as advised by a physician.
TIP0292,Immunological,"For long-term wellbeing, keep emergency allergy medication accessible if prescribed."
TIP0293,Respiratory,It is generally recommended to avoid exposure to smoke and airborne irritants to protect lung function.
TIP0294,Ophthalmological,"As a preventive measure, schedule regular eye examinations, especially after age 40."
TIP0295,Respiratory,It is generally recommended to seek medical attention if shortness of breath worsens suddenly.
TIP0296,Urological,"For long-term wellbeing, drink adequate water throughout the day to support kidney function."
TIP0297,Ophthalmological,"As a preventive measure, take breaks from screens to reduce eye strain."
TIP0298,Ophthalmological,"For long-term wellbeing, take breaks from screens to reduce eye strain."
TIP0299,Neurological,"For long-term wellbeing, avoid known migraine triggers such as certain foods or bright lights."
TIP0300,Musculoskeletal,"Where possible, incorporate strength training to support bone and joint health."
TIP0301,Infectious,Health professionals advise to complete the full course of any prescribed antimicrobial treatment.
TIP0302,Dermatological,"For long-term wellbeing, moisturize regularly to maintain skin barrier function."
TIP0303,Oncological,"For long-term wellbeing, attend recommended cancer screening appointments on schedule."
TIP0304,Psychiatric,"For long-term wellbeing, maintain social connections to support emotional wellbeing."
TIP0305,Infectious,"As a preventive measure, use insect repellent and bed nets in mosquito-prone regions."
TIP0306,Infectious,"Where possible, wash hands frequently with soap and water for at least 20 seconds."
TIP0307,Psychiatric,"Where possible, maintain social connections to support emotional wellbeing."
TIP0308,Urological,"For long-term wellbeing, drink adequate water throughout the day to support kidney function."
TIP0309,Cardiovascular,"For long-term wellbeing, limit sodium intake to support healthy blood pressure."
TIP0310,Neurological,"Where possible, avoid known migraine triggers such as certain foods or bright lights."
TIP0311,Respiratory,"For long-term wellbeing, stay up to date on recommended respiratory vaccinations."
TIP0312,Immunological,"As a preventive measure, keep emergency allergy medication accessible if prescribed."
TIP0313,Psychiatric,It is generally recommended to reach out to a mental health professional if symptoms persist.
TIP0314,Endocrine,It is generally recommended to monitor blood glucose levels regularly if diagnosed with diabetes.
TIP0315,Ophthalmological,"As a preventive measure, take breaks from screens to reduce eye strain."
TIP0316,Ophthalmological,"It is generally recommended to schedule regular eye examinations, especially after age 40."
TIP0317,Psychiatric,"Where possible, reach out to a mental health professional if symptoms persist."
TIP0318,Infectious,Health professionals advise to wash hands frequently with soap and water for at least 20 seconds.
TIP0319,ENT,"Where possible, treat nasal allergies promptly to reduce sinus complications."
TIP0320,Ophthalmological,It is generally recommended to take breaks from screens to reduce eye strain.
TIP0321,Ophthalmological,"Where possible, take breaks from screens to reduce eye strain."
TIP0322,Endocrine,"For long-term wellbeing, engage in regular physical activity to support metabolic health."
TIP0323,Dermatological,It is generally recommended to moisturize regularly to maintain skin barrier function.
TIP0324,Infectious,"Where possible, ensure food and water sources are properly sanitized."
TIP0325,Endocrine,It is generally recommended to maintain a balanced diet low in refined sugars.
TIP0326,Cardiovascular,"Health professionals advise to monitor blood pressure regularly, especially with a family history of heart disease."
TIP0327,Cardiovascular,"Where possible, engage in at least 150 minutes of moderate exercise weekly."
TIP0328,Urological,It is generally recommended to limit excessive salt and protein intake to reduce kidney stone risk.
TIP0329,Dermatological,"Where possible, avoid scratching irritated skin to prevent secondary infection."
TIP0330,Neurological,"For long-term wellbeing, report new or worsening headaches to a healthcare provider promptly."
TIP0331,Ophthalmological,It is generally recommended to wear protective eyewear in bright sunlight or hazardous environments.
TIP0332,Musculoskeletal,It is generally recommended to use proper posture and ergonomics to prevent back strain.
TIP0333,Neurological,"For long-term wellbeing, avoid known migraine triggers such as certain foods or bright lights."
TIP0334,Endocrine,"For long-term wellbeing, maintain a balanced diet low in refined sugars."
TIP0335,Respiratory,"Where possible, practice deep breathing exercises to improve respiratory capacity."
TIP0336,Neurological,"For long-term wellbeing, report new or worsening headaches to a healthcare provider promptly."
TIP0337,Cardiovascular,It is generally recommended to avoid tobacco products to reduce cardiovascular risk.
TIP0338,Infectious,It is generally recommended to ensure food and water sources are properly sanitized.
TIP0339,Dermatological,Health professionals advise to avoid scratching irritated skin to prevent secondary infection.
TIP0340,Neurological,Health professionals advise to maintain consistent sleep schedules to support brain health.
TIP0341,Endocrine,"As a preventive measure, maintain a balanced diet low in refined sugars."
TIP0342,Oncological,"It is generally recommended to report unexplained lumps, weight loss, or persistent symptoms promptly."
TIP0343,Infectious,"As a preventive measure, use insect repellent and bed nets in mosquito-prone regions."
TIP0344,Urological,Health professionals advise to drink adequate water throughout the day to support kidney function.
TIP0345,Respiratory,"Where possible, use a humidifier in dry environments to ease breathing."
TIP0346,Neurological,Health professionals advise to report new or worsening headaches to a healthcare provider promptly.
TIP0347,Respiratory,It is generally recommended to practice deep breathing exercises to improve respiratory capacity.
TIP0348,Neurological,"For long-term wellbeing, engage in mentally stimulating activities regularly."
TIP0349,Infectious,"As a preventive measure, avoid close contact with individuals showing symptoms of infection."
TIP0350,Infectious,"For long-term wellbeing, use insect repellent and bed nets in mosquito-prone regions."
TIP0351,Neurological,"As a preventive measure, report new or worsening headaches to a healthcare provider promptly."
TIP0352,Digestive,It is generally recommended to avoid excessive alcohol consumption to protect liver health.
TIP0353,Respiratory,Health professionals advise to use a humidifier in dry environments to ease breathing.
TIP0354,Cardiovascular,"Where possible, engage in at least 150 minutes of moderate exercise weekly."
TIP0355,Ophthalmological,Health professionals advise to wear protective eyewear in bright sunlight or hazardous environments.
TIP0356,Musculoskeletal,"Where possible, use proper posture and ergonomics to prevent back strain."
TIP0357,Oncological,"Where possible, attend recommended cancer screening appointments on schedule."
TIP0358,Digestive,It is generally recommended to avoid excessive alcohol consumption to protect liver health.
TIP0359,Cardiovascular,"It is generally recommended to monitor blood pressure regularly, especially with a family history of heart disease."
TIP0360,Neurological,"For long-term wellbeing, report new or worsening headaches to a healthcare provider promptly."
TIP0361,Ophthalmological,"For long-term wellbeing, schedule regular eye examinations, especially after age 40."
TIP0362,Respiratory,"For long-term wellbeing, seek medical attention if shortness of breath worsens suddenly."
TIP0363,Respiratory,"For long-term wellbeing, practice deep breathing exercises to improve respiratory capacity."
TIP0364,ENT,Health professionals advise to protect hearing by limiting exposure to loud noise.
TIP0365,Respiratory,"As a preventive measure, practice deep breathing exercises to improve respiratory capacity."
TIP0366,Ophthalmological,"Where possible, schedule regular eye examinations, especially after age 40."
TIP0367,Psychiatric,It is generally recommended to practice stress-reduction techniques such as mindfulness or meditation.
TIP0368,Cardiovascular,"Where possible, engage in at least 150 minutes of moderate exercise weekly."
TIP0369,Psychiatric,Health professionals advise to reach out to a mental health professional if symptoms persist.
TIP0370,Neurological,"Where possible, engage in mentally stimulating activities regularly."
TIP0371,Urological,"For long-term wellbeing, drink adequate water throughout the day to support kidney function."
TIP0372,Infectious,"Where possible, wash hands frequently with soap and water for at least 20 seconds."
TIP0373,Endocrine,Health professionals advise to schedule routine thyroid function screening as advised by a physician.
TIP0374,Digestive,"Where possible, stay hydrated to help prevent constipation."
TIP0375,Endocrine,Health professionals advise to monitor blood glucose levels regularly if diagnosed with diabetes.
TIP0376,Dermatological,"For long-term wellbeing, avoid scratching irritated skin to prevent secondary infection."
TIP0377,Ophthalmological,"For long-term wellbeing, schedule regular eye examinations, especially after age 40."
TIP0378,Respiratory,It is generally recommended to stay up to date on recommended respiratory vaccinations.
TIP0379,Musculoskeletal,"Where possible, maintain a healthy weight to reduce joint stress."
TIP0380,Neurological,Health professionals advise to maintain consistent sleep schedules to support brain health.
TIP0381,Respiratory,It is generally recommended to avoid exposure to smoke and airborne irritants to protect lung function.
TIP0382,Musculoskeletal,"As a preventive measure, incorporate strength training to support bone and joint health."
TIP0383,ENT,"As a preventive measure, avoid inserting objects into the ear canal."
TIP0384,Psychiatric,"For long-term wellbeing, practice stress-reduction techniques such as mindfulness or meditation."
TIP0385,Digestive,Health professionals advise to eat a fiber-rich diet to support healthy digestion.
TIP0386,Ophthalmological,"Where possible, wear protective eyewear in bright sunlight or hazardous environments."
TIP0387,Neurological,It is generally recommended to maintain consistent sleep schedules to support brain health.
TIP0388,Endocrine,"Where possible, monitor blood glucose levels regularly if diagnosed with diabetes."
TIP0389,Ophthalmological,It is generally recommended to take breaks from screens to reduce eye strain.
TIP0390,Neurological,It is generally recommended to engage in mentally stimulating activities regularly.
TIP0391,Digestive,"It is generally recommended to eat smaller, more frequent meals to reduce reflux symptoms."
TIP0392,Infectious,"Where possible, complete the full course of any prescribed antimicrobial treatment."
TIP0393,Cardiovascular,"For long-term wellbeing, monitor blood pressure regularly, especially with a family history of heart disease."
TIP0394,Endocrine,"Where possible, schedule routine thyroid function screening as advised by a physician."
TIP0395,Dermatological,"As a preventive measure, moisturize regularly to maintain skin barrier function."
TIP0396,Psychiatric,"As a preventive measure, practice stress-reduction techniques such as mindfulness or meditation."
TIP0397,ENT,"As a preventive measure, protect hearing by limiting exposure to loud noise."
TIP0398,Oncological,"For long-term wellbeing, attend recommended cancer screening appointments on schedule."
TIP0399,Cardiovascular,"Health professionals advise to monitor blood pressure regularly, especially with a family history of heart disease."
TIP0400,Psychiatric,"As a preventive measure, maintain social connections to support emotional wellbeing."
TIP0401,Neurological,Health professionals advise to avoid known migraine triggers such as certain foods or bright lights.
TIP0402,Musculoskeletal,"Where possible, maintain a healthy weight to reduce joint stress."
TIP0403,Neurological,It is generally recommended to avoid known migraine triggers such as certain foods or bright lights.
TIP0404,Hematological,Health professionals advise to include iron-rich foods in the diet to support healthy blood counts.
TIP0405,Psychiatric,It is generally recommended to reach out to a mental health professional if symptoms persist.
TIP0406,ENT,"For long-term wellbeing, avoid inserting objects into the ear canal."
TIP0407,Respiratory,It is generally recommended to avoid exposure to smoke and airborne irritants to protect lung function.
TIP0408,Psychiatric,Health professionals advise to practice stress-reduction techniques such as mindfulness or meditation.
TIP0409,Urological,"Where possible, drink adequate water throughout the day to support kidney function."
TIP0410,Hematological,"For long-term wellbeing, include iron-rich foods in the diet to support healthy blood counts."
TIP0411,Oncological,"For long-term wellbeing, attend recommended cancer screening appointments on schedule."
TIP0412,Dermatological,It is generally recommended to avoid scratching irritated skin to prevent secondary infection.
TIP0413,Oncological,It is generally recommended to maintain a healthy lifestyle to support overall treatment outcomes.
TIP0414,Dermatological,It is generally recommended to avoid scratching irritated skin to prevent secondary infection.
TIP0415,Psychiatric,"For long-term wellbeing, maintain social connections to support emotional wellbeing."
TIP0416,Psychiatric,It is generally recommended to practice stress-reduction techniques such as mindfulness or meditation.
TIP0417,Digestive,"For long-term wellbeing, eat a fiber-rich diet to support healthy digestion."
TIP0418,ENT,"As a preventive measure, avoid inserting objects into the ear canal."
TIP0419,Digestive,Health professionals advise to avoid excessive alcohol consumption to protect liver health.
TIP0420,Oncological,"It is generally recommended to report unexplained lumps, weight loss, or persistent symptoms promptly."
TIP0421,Infectious,"For long-term wellbeing, ensure food and water sources are properly sanitized."
TIP0422,Digestive,Health professionals advise to stay hydrated to help prevent constipation.
TIP0423,Urological,It is generally recommended to limit excessive salt and protein intake to reduce kidney stone risk.
TIP0424,Cardiovascular,It is generally recommended to limit sodium intake to support healthy blood pressure.
TIP0425,Oncological,"As a preventive measure, attend recommended cancer screening appointments on schedule."
TIP0426,Psychiatric,"As a preventive measure, practice stress-reduction techniques such as mindfulness or meditation."
TIP0427,Endocrine,It is generally recommended to engage in regular physical activity to support metabolic health.
TIP0428,ENT,"As a preventive measure, treat nasal allergies promptly to reduce sinus complications."
TIP0429,Hematological,Health professionals advise to attend regular blood tests as recommended by a physician.
TIP0430,Cardiovascular,"For long-term wellbeing, limit sodium intake to support healthy blood pressure."
TIP0431,Digestive,It is generally recommended to stay hydrated to help prevent constipation.
TIP0432,Cardiovascular,"For long-term wellbeing, monitor blood pressure regularly, especially with a family history of heart disease."
TIP0433,Hematological,"Where possible, attend regular blood tests as recommended by a physician."
TIP0434,Endocrine,It is generally recommended to schedule routine thyroid function screening as advised by a physician.
TIP0435,Endocrine,"For long-term wellbeing, engage in regular physical activity to support metabolic health."
TIP0436,Infectious,"As a preventive measure, ensure food and water sources are properly sanitized."
TIP0437,Ophthalmological,"Where possible, take breaks from screens to reduce eye strain."
TIP0438,Musculoskeletal,Health professionals advise to use proper posture and ergonomics to prevent back strain.
TIP0439,Ophthalmological,"Health professionals advise to schedule regular eye examinations, especially after age 40."
TIP0440,Psychiatric,"Where possible, maintain social connections to support emotional wellbeing."
TIP0441,Psychiatric,"Where possible, practice stress-reduction techniques such as mindfulness or meditation."
TIP0442,Ophthalmological,Health professionals advise to take breaks from screens to reduce eye strain.
TIP0443,Respiratory,"Where possible, seek medical attention if shortness of breath worsens suddenly."
TIP0444,Infectious,It is generally recommended to complete the full course of any prescribed antimicrobial treatment.
TIP0445,Infectious,"As a preventive measure, complete the full course of any prescribed antimicrobial treatment."
TIP0446,Ophthalmological,Health professionals advise to take breaks from screens to reduce eye strain.
TIP0447,Dermatological,"As a preventive measure, apply sunscreen daily to protect against skin damage."
TIP0448,Endocrine,It is generally recommended to engage in regular physical activity to support metabolic health.
TIP0449,Hematological,"Where possible, include iron-rich foods in the diet to support healthy blood counts."
TIP0450,ENT,"As a preventive measure, treat nasal allergies promptly to reduce sinus complications."
TIP0451,Psychiatric,"Where possible, practice stress-reduction techniques such as mindfulness or meditation."
TIP0452,Musculoskeletal,It is generally recommended to maintain a healthy weight to reduce joint stress.
TIP0453,Urological,"It is generally recommended to urinate when needed rather than delaying, to reduce infection risk."
TIP0454,Neurological,"For long-term wellbeing, report new or worsening headaches to a healthcare provider promptly."
TIP0455,Urological,"As a preventive measure, drink adequate water throughout the day to support kidney function."
TIP0456,Infectious,"Where possible, ensure food and water sources are properly sanitized."
TIP0457,Musculoskeletal,"For long-term wellbeing, maintain a healthy weight to reduce joint stress."
TIP0458,Digestive,"Where possible, stay hydrated to help prevent constipation."
TIP0459,Oncological,It is generally recommended to attend recommended cancer screening appointments on schedule.
TIP0460,Immunological,Health professionals advise to identify and avoid known allergens where possible.
TIP0461,Respiratory,"As a preventive measure, use a humidifier in dry environments to ease breathing."
TIP0462,Urological,"Where possible, drink adequate water throughout the day to support kidney function."
TIP0463,Urological,"As a preventive measure, limit excessive salt and protein intake to reduce kidney stone risk."
TIP0464,Respiratory,"For long-term wellbeing, avoid exposure to smoke and airborne irritants to protect lung function."
TIP0465,Endocrine,"As a preventive measure, engage in regular physical activity to support metabolic health."
TIP0466,Infectious,"Where possible, wash hands frequently with soap and water for at least 20 seconds."
TIP0467,Respiratory,Health professionals advise to practice deep breathing exercises to improve respiratory capacity.
TIP0468,Hematological,"For long-term wellbeing, include iron-rich foods in the diet to support healthy blood counts."
TIP0469,Respiratory,Health professionals advise to seek medical attention if shortness of breath worsens suddenly.
TIP0470,Endocrine,Health professionals advise to engage in regular physical activity to support metabolic health.
TIP0471,Neurological,"As a preventive measure, avoid known migraine triggers such as certain foods or bright lights."
TIP0472,Respiratory,It is generally recommended to seek medical attention if shortness of breath worsens suddenly.
TIP0473,Respiratory,"For long-term wellbeing, practice deep breathing exercises to improve respiratory capacity."
TIP0474,Urological,"It is generally recommended to urinate when needed rather than delaying, to reduce infection risk."
TIP0475,Ophthalmological,"As a preventive measure, wear protective eyewear in bright sunlight or hazardous environments."
TIP0476,Cardiovascular,Health professionals advise to avoid tobacco products to reduce cardiovascular risk.
TIP0477,Infectious,"For long-term wellbeing, avoid close contact with individuals showing symptoms of infection."
TIP0478,Cardiovascular,"As a preventive measure, engage in at least 150 minutes of moderate exercise weekly."
TIP0479,Respiratory,"As a preventive measure, use a humidifier in dry environments to ease breathing."
TIP0480,Dermatological,Health professionals advise to apply sunscreen daily to protect against skin damage.
TIP0481,Respiratory,"Where possible, seek medical attention if shortness of breath worsens suddenly."
TIP0482,ENT,"For long-term wellbeing, treat nasal allergies promptly to reduce sinus complications."
TIP0483,Oncological,It is generally recommended to attend recommended cancer screening appointments on schedule.
TIP0484,ENT,"For long-term wellbeing, protect hearing by limiting exposure to loud noise."
TIP0485,Ophthalmological,It is generally recommended to wear protective eyewear in bright sunlight or hazardous environments.
TIP0486,Infectious,It is generally recommended to wash hands frequently with soap and water for at least 20 seconds.
TIP0487,Respiratory,"For long-term wellbeing, stay up to date on recommended respiratory vaccinations."
TIP0488,Neurological,It is generally recommended to report new or worsening headaches to a healthcare provider promptly.
TIP0489,Oncological,Health professionals advise to maintain a healthy lifestyle to support overall treatment outcomes.
TIP0490,Respiratory,"For long-term wellbeing, use a humidifier in dry environments to ease breathing."
TIP0491,Respiratory,"As a preventive measure, use a humidifier in dry environments to ease breathing."
TIP0492,ENT,"For long-term wellbeing, treat nasal allergies promptly to reduce sinus complications."
TIP0493,Respiratory,It is generally recommended to seek medical attention if shortness of breath worsens suddenly.
TIP0494,Psychiatric,It is generally recommended to practice stress-reduction techniques such as mindfulness or meditation.
TIP0495,Ophthalmological,"It is generally recommended to schedule regular eye examinations, especially after age 40."
TIP0496,Neurological,"For long-term wellbeing, maintain consistent sleep schedules to support brain health."
TIP0497,Digestive,"It is generally recommended to eat smaller, more frequent meals to reduce reflux symptoms."
TIP0498,ENT,"For long-term wellbeing, treat nasal allergies promptly to reduce sinus complications."
TIP0499,Cardiovascular,"Where possible, limit sodium intake to support healthy blood pressure."
TIP0500,Oncological,"Where possible, maintain a healthy lifestyle to support overall treatment outcomes."
